{"max": [-0.182689, 0.105295, 0.667446], "centroid": [-0.2588888333333332, 0.05621732936507942, 0.6423159742063491], "id": "a8961c59576972cb57682b709eb0ab19", "numVertices": 504, "min": [-0.328312, 0.010252, 0.618836]}
