{"max": [0.291706, 2.36197, 0.335567], "centroid": [0.026818565412019473, 1.9461017541960048, 0.0669244937915539], "id": "9cdaf68ed1e1daba9c21adf7cd249be9", "numVertices": 1847, "min": [-0.290473, 1.76668, -0.246612]}
