{"max": [3.34899, 6.87533, 7.74474], "centroid": [1.411336464318853, 2.8556205089679656, 4.972924355871874], "id": "cef23409b1a030d516fe5320f9715eef", "numVertices": 1405, "min": [-0.68254, -4.69207, 1.46595]}
