{"max": [1.97859, 9.45585, 6.55735], "centroid": [-3.169750203684083, 4.5381087670208675, 4.4328525593580075], "id": "a230560372fd55a410ec06105f027b7d", "numVertices": 8971, "min": [-10.9883, -0.1397, 1.63966]}
