{"max": [-0.0782769, 0.371, 0.0940286], "centroid": [-0.4137211935779813, 0.29621075584862416, 0.019070948463302668], "id": "a59cbd50ecf38a1be2dc67b821479cc4", "numVertices": 872, "min": [-0.662344, 0.0, -0.0303358]}
