{"max": [0.0362331, 0.0682498, 0.0181102], "centroid": [-0.002509866744410183, 0.039649978794461714, -0.004925650809375479], "id": "f7e2afd70e37f60ad2b6f4e920e50f96", "numVertices": 6069, "min": [-0.0362331, -0.0074295, -0.0332359]}
