{"max": [2.31646, 2.62888, 0.219173], "centroid": [0.13118323529411693, 1.5524883267973852, -0.24179308496732074], "id": "657a650215e453846f90fff80f29e77d", "numVertices": 1071, "min": [-2.19354, 0.298882, -0.740827]}
