{"max": [0.0555625, 1.77397, 0.0293339], "centroid": [-0.7038609653822914, 1.2705503309859205, -1.6684835967806788], "id": "9d79c246317bbbe87f72d6c7f2024896", "numVertices": 994, "min": [-2.07962, 0.0, -2.06851]}
