{"max": [1.83292, 2.34057, 0.464555], "centroid": [0.33764606309122935, 1.208172561315419, -0.08545148654526358], "id": "936a458fdb8eb12171dc2053392a6e6f", "numVertices": 5656, "min": [-1.76449, 0.019126, -0.438432]}
