{"max": [0.0, 2.47015, 1.07315], "centroid": [-2.895815904008432, 1.6746708691983108, 0.33318884388185693], "id": "4852ee95e7bd8556c60396a717ba6c7e", "numVertices": 948, "min": [-4.5085, 0.0, -0.43815]}
