{"max": [66.9158, 43.7641, 14.2553], "centroid": [29.939419667567563, 2.3136859289189236, -30.186556486486484], "id": "e57aa404a000df88d5d4532c6bb4bd2b", "numVertices": 370, "min": [-7.49898, -88.6957, -52.3497]}
