{"max": [1.55114, 8.70858, 0.0], "centroid": [-1.396169937106918, 7.955437924528309, -1.5579471698113194], "id": "ee0f44a37e50eda2a39b1d7ef8834b0", "numVertices": 159, "min": [-2.70938, 6.43989, -1.96056]}
