{"max": [0.302916, 0.2405, -0.0177901], "centroid": [0.08528740584288935, 0.10450719583995188, -0.19146609992507196], "id": "ff74c4d2e710df3401a67448bf8fe08", "numVertices": 6673, "min": [-0.0395572, -0.0757068, -0.403425]}
