{"max": [-0.00547427, 0.066, 0.0953252], "centroid": [-0.05138362092577145, 0.03166425592994181, 0.034031916597164286], "id": "290abe056b205c08240c46d333a693f", "numVertices": 1199, "min": [-0.0965257, -0.003, 0.01]}
