{"max": [0.455394, 2.03057, 0.460104], "centroid": [-2.3458601943097954, 0.8320235418334988, -0.46737223818756574], "id": "935fc76352a4d5fd72a90fe1ba02202a", "numVertices": 4745, "min": [-4.80838, -0.004, -1.39998]}
