{"max": [0.0325, 0.0590002, 0.0714373], "centroid": [-0.00015616196375379862, 0.02561978840006002, 0.014948216811892462], "id": "9db4b2c19c858a36eb34db531a289b8e", "numVertices": 3498, "min": [-0.0325, 2.25031e-07, 0.0]}
