{"max": [0.0, 0.0567868, 0.0377825], "centroid": [-0.03704852597522124, 0.03354682206194699, 0.02349344584070798], "id": "4f2a9bf0d8eb00e0a570c6c691c987a8", "numVertices": 565, "min": [-0.0908768, 0.0, 0.0]}
