{"max": [0.0, 2.03096, 2.27839], "centroid": [-2.528138032116259, 1.0693363808279404, 1.8244744824765307], "id": "46c09085e451de8fc3c192db90697d8c", "numVertices": 8189, "min": [-3.9286, -1.72132, 0.0]}
