{"max": [-1.9944, 1.20953, 0.862898], "centroid": [-2.3654975215941767, 0.44600348053621036, 0.46657091873087325], "id": "68f66f5ab594fd3cc2890daf3a9f7413", "numVertices": 14703, "min": [-2.76015, -0.000572689, -0.275808]}
