{"max": [2.65639, 7.89485, -1.29209], "centroid": [0.6304835422267616, 6.076914229352437, -4.469189383158641], "id": "ee58b922bd93d01be4f112f1b3124b84", "numVertices": 3907, "min": [-0.0899868, -1.3952, -6.81659]}
