{"max": [-4.94165, 3.9878, 12.8577], "centroid": [-9.328742596544624, 1.0366210711506378, 6.147626163617892], "id": "d9bb9c5a48c3afbfb84553e864d84802", "numVertices": 3936, "min": [-13.9776, -0.0910774, 1.77744]}
