{"max": [-0.0523606, 0.1666, -0.124561], "centroid": [-0.14729429007678613, 0.045472175829887676, -0.23908623390431646], "id": "7e677756898b40dc39513d756da531d0", "numVertices": 1693, "min": [-0.24036, -0.00275582, -0.412164]}
