{"max": [0.0221447, 0.0242316, -0.00407671], "centroid": [0.0069943725841346265, 0.014421382475961494, -0.011795799405047961], "id": "fd058128095abf343ce579773d34f5bf", "numVertices": 1664, "min": [-0.0147379, 0.0, -0.016251]}
