{"max": [-0.258247, 4.219, -0.746049], "centroid": [-3.224629525876632, 3.6023242902054773, -1.4681673675937261], "id": "9e91f482b829c4d1e9fff7dfdebc774b", "numVertices": 8270, "min": [-7.39425, 0.0, -2.89805]}
