{"max": [-1.01168, 1.47325, 2.17805], "centroid": [-1.740595164644717, 0.9380468249566738, 0.3792159064124791], "id": "97cd28c085e3754f22c69c86438afd28", "numVertices": 577, "min": [-3.87873, 0.389714, -0.5715]}
