{"max": [3.51949, 1.56845, -0.258763], "centroid": [0.7694323500705207, 0.8984950521861753, -1.1171906784203247], "id": "15e72ce7a8a328d1fd9cfa6c7f5305bc", "numVertices": 1418, "min": [0.0, 0.0, -1.33985]}
