{"max": [-1.91089, 5.98805, -1.53386], "centroid": [-6.771066607142857, 3.1071882678571425, -6.596156071428561], "id": "cd5fd9a2bd6792ad318e2f26ee2da02c", "numVertices": 112, "min": [-12.3312, 0.0, -7.75686]}
