{"max": [-0.648388, 1.20822, -0.388982], "centroid": [-1.1650213594339611, 0.9343244323899451, -0.5461016320754789], "id": "317a7ea24e661ce3bfc146552c7aa5d2", "numVertices": 3180, "min": [-1.72993, 0.502934, -0.824858]}
