{"max": [6.22045, 1.60997, 3.52332], "centroid": [5.144758098534817, 1.0880342407560994, 2.7972132548704196], "id": "1967344f80da29618d342172201b8d8c", "numVertices": 6211, "min": [4.15431, 0.0, 0.417515]}
