{"max": [0.230433, 4.2964, 0.466477], "centroid": [-0.42706205050505025, 2.8855224060606055, -0.27858941212121174], "id": "73b02fe7b4b2e45f74cd541b34c6124", "numVertices": 198, "min": [-1.07457, -0.0623978, -0.79993]}
