{"max": [9.5465, 6.67269, -2.60046], "centroid": [5.830582828791675, 2.9990264336555073, -5.811147537943312], "id": "9726bf2b38d817eab169d2793795b997", "numVertices": 46055, "min": [1.25855, 0.0, -12.1146]}
