{"max": [3.88737, 0.846865, 3.19585], "centroid": [2.954731926635033, 0.45206015782639414, 2.8374654516933653], "id": "416ce9adf7ad40f4959c1c3d740c4f1", "numVertices": 12431, "min": [2.12649, 0.0, 1.5584]}
