{"max": [2.36256, 1.32265, 0.618], "centroid": [-0.31633725000000057, 0.6376794697508831, 0.17853246293001354], "id": "e67273eff31fabce656c3a28e34d04c4", "numVertices": 3372, "min": [-1.96144, -1.20335, -0.972]}
