{"max": [0.25997, 5.01967, 11.8696], "centroid": [-3.8871969696551725, 1.9839829201724157, 7.189511517241368], "id": "2153bc743019671ae60635d9e388f801", "numVertices": 580, "min": [-7.80127, 0.0, 3.41238]}
