{"max": [7.52583, 2.76307, 4.14138], "centroid": [7.327825186480165, 2.5892094172494176, 3.973714172494194], "id": "e9f2c58d90e723f7cc57882dfaef8a57", "numVertices": 858, "min": [7.09623, 2.43433, 3.75805]}
