{"max": [-1.66731, 0.116692, -0.497339], "centroid": [-1.7258695927401513, 0.07577334240814511, -0.5942022301903506], "id": "147183af1ba4e97b8a94168388287ad5", "numVertices": 2259, "min": [-1.81731, 0.0, -0.797623]}
