{"max": [0.0803751, 0.0465985, 0.0825835], "centroid": [0.0415242259669782, 0.021657440360685343, 0.07213054052959478], "id": "51176ec8f251800165a1ced01089a2d6", "numVertices": 3210, "min": [0.000149466, -0.000712826, 0.0523991]}
