{"max": [-0.699211, 0.14, 0.760148], "centroid": [-0.7626038623853207, 0.06663827522935788, 0.6875908944954128], "id": "e3dc17dbde3087491a722bdf095986a4", "numVertices": 218, "min": [-0.827112, 0.0, 0.655599]}
