{"max": [0.329077, 0.089, -0.442701], "centroid": [0.2525767846887101, 0.04618631691879659, -0.4870059052725634], "id": "e9e22de9e4c3c3c92a60bd875e075589", "numVertices": 3357, "min": [-0.0325949, -0.00349999, -0.55469]}
