{"max": [-2.01942, 1.01727, 2.80227], "centroid": [-2.58086797155227, 0.6408703057699443, 2.068691252319109], "id": "550aea46c75351a387cfe978d99ba05d", "numVertices": 3234, "min": [-2.9777, 0.0, 1.50525]}
