{"max": [3.47133, 3.93065, 10.8077], "centroid": [0.296303341490195, 2.591182078666667, 9.60745374509804], "id": "58e9faa223142b7fd5af42f3e1f05e3f", "numVertices": 510, "min": [-5.20277, 0.0, 6.83265]}
