{"max": [-2.50226, 8.25822, 11.4447], "centroid": [-8.390541666666666, 4.23712579166666, 6.079378468253975], "id": "509017601d92a7d1db286a46dfc37518", "numVertices": 504, "min": [-13.7323, 0.0, -0.495388]}
