{"max": [1.65585, 1.65201, 1.65585], "centroid": [0.006664487357512934, -0.04686343264248702, -0.28921687564766824], "id": "d680d61f934eaa163b211460f022e3d9", "numVertices": 386, "min": [-1.7274, -1.75447, -1.73428]}
