{"max": [0.00610003, 0.0744945, 0.0331265], "centroid": [-0.0516621455961056, 0.04175159230764959, 0.003748135381919296], "id": "fdcd83539b8db2c8b5635bf39f10a28a", "numVertices": 3595, "min": [-0.114, -4.9106e-05, -0.0222403]}
