{"max": [1.368, 1.6414, 2.90379], "centroid": [0.9104171868327422, 0.8440596957295382, 2.1021710604982187], "id": "d1a3482c576f8c50592ecd319dfd8c5d", "numVertices": 562, "min": [0.468572, 0.0, 0.922768]}
