{"max": [0.2, 0.1145, 0.0853204], "centroid": [0.12474260100154069, 0.058261414761556204, 0.03755219757473032], "id": "f1540b3d6da38fbf1d908355fc20d631", "numVertices": 2596, "min": [0.0545993, 0.0, -0.0659]}
