{"max": [0.129762, 0.057783, 0.197606], "centroid": [0.03684215832129449, 0.007645655149805636, 0.11431430076051947], "id": "fb3b5fae94f7b02a3b269928487f8a4c", "numVertices": 5917, "min": [-0.0348235, -0.0366522, 0.0515923]}
