{"max": [-0.333636, 1.56049, 0.928521], "centroid": [-0.6323430334967466, 0.9842715851862727, 0.15844789339787618], "id": "1298634053ad50d36d07c55cf995503e", "numVertices": 2448, "min": [-0.928521, 0.0, -0.333636]}
