{"max": [0.206997, 0.241008, 0.0196922], "centroid": [0.07330952485477181, 0.1475802613609958, -0.290305126340249], "id": "fe669947912103aede650492e45fb14f", "numVertices": 241, "min": [-0.0387344, -0.0196922, -0.420798]}
