{"max": [3.46272, 2.26041, -2.05416], "centroid": [3.4120436459300447, 2.1363149086969906, -2.136819408851726], "id": "fc83047701a0e21b901ee6249a8d9beb", "numVertices": 3231, "min": [3.35933, 2.04517, -2.22661]}
