{"max": [0.00800377, 0.09645, 0.0758103], "centroid": [-0.06263947979638483, 0.04170925152711412, -0.0011310103282775796], "id": "90198c0aaf0156ce764e2db342c0e628", "numVertices": 4813, "min": [-0.145996, -0.0012575, -0.0515692]}
