{"max": [-0.0710287, 0.120955, 0.248822], "centroid": [-0.1608054278221207, 0.06344644103078677, 0.23486875028506365], "id": "6c14c6f6cca53a6710d0920f7087353b", "numVertices": 877, "min": [-0.228453, 0.000623085, 0.176822]}
