{"max": [0.00125, 0.0891, 0.00917255], "centroid": [-0.06212154167445036, 0.04862800606484096, -0.0325950369593486], "id": "63c10cfd6f0ce09a241d076ab53023c1", "numVertices": 5953, "min": [-0.1343, -0.0007, -0.086]}
