{"max": [0.083, 0.0891088, 0.0358767], "centroid": [0.006859480700189484, 0.041868089907645976, -0.012229354600308872], "id": "6d036fd1c70e5a5849493d905c02fa86", "numVertices": 32762, "min": [-0.059, -0.00669565, -0.09228]}
