{"max": [2.21684, 2.11955, -0.80493], "centroid": [1.0659043625819475, 1.4874470700958238, -1.7479456833081248], "id": "c3e6564fe7c8157ecedd967f62b864ab", "numVertices": 1983, "min": [0.216807, 0.0, -2.34557]}
