{"max": [0.00598797, 0.0747465, 0.00606252], "centroid": [-0.05573165084506222, 0.04722459805734176, -0.016429600345786173], "id": "82819e1201d2dc583a3e53900c6cbba", "numVertices": 3453, "min": [-0.129926, -0.000927252, -0.0561896]}
