{"max": [0.18, 0.1171, 0.00432092], "centroid": [0.08165133452982826, 0.05214454511273978, -0.08627795079575337], "id": "77096e9094680faf603e5a6a09a35395", "numVertices": 1978, "min": [0.0, -0.0036, -0.149546]}
