{"max": [1.916, 1.16244, 0.0], "centroid": [-0.004758588652482305, -1.832713021276594, -0.5569104184397163], "id": "60923e8a6c785a8755a834a7aafb0236", "numVertices": 282, "min": [-1.887, -4.23184, -1.474]}
