{"max": [-3.33652, 0.138172, 1.27734], "centroid": [-3.3815754598370167, 0.08170619697322394, 1.209825378346912], "id": "7077395b60bf4aeb3cb44973ec1ffcf8", "numVertices": 859, "min": [-3.42685, 0.0, 1.18611]}
