{"max": [-1.47982, 1.47749, 0.916857], "centroid": [-1.8408700090497785, 1.0657637773755697, 0.4441792240723994], "id": "ce40b134b11e8c822bbc2c380e91dfe2", "numVertices": 1105, "min": [-2.30031, 0.0, -0.12565]}
