{"max": [-0.857343, 11.6015, 7.88706], "centroid": [-9.245430178844009, 7.182800825517966, 4.347655172300909], "id": "a600991b042b2d5492348cc032adf089", "numVertices": 4585, "min": [-17.885, 0.360386, 0.119954]}
