{"max": [0.002654, 0.0789216, 0.034833], "centroid": [-0.031135264763451884, 0.030685313724535458, 0.0036237509815068313], "id": "c802792f388650428341191174307890", "numVertices": 2563, "min": [-0.0644267, -0.002716, -0.0270809]}
