{"max": [0.0387545, 0.0807205, 0.0320789], "centroid": [8.68713833905728e-05, 0.03958154582759905, -0.11099690312519521], "id": "7ef29f8a7a132c46e0afa7d1aded497", "numVertices": 3203, "min": [-0.0381435, -0.00140106, -0.158351]}
