{"max": [0.0, 0.0617755, 0.0], "centroid": [-0.02820083535589989, 0.04207561660844669, -0.03558781347092494], "id": "45b01c604426a0a9c5c10e0ebb47766c", "numVertices": 4712, "min": [-0.0764815, 0.0, -0.0594133]}
