{"max": [0.00135476, 0.116987, 0.0272125], "centroid": [-0.07688127859182334, 0.056950619791389566, -0.004709929518460989], "id": "17a010f0ade4d1fd83a3e53900c6cbba", "numVertices": 10130, "min": [-0.204513, -0.0015875, -0.0959498]}
