{"max": [5.48569, 4.38625, 4.31581], "centroid": [1.785628988273093, -1.4818893087951799, -2.1803438353413633], "id": "eb86c8c2a20066d0fb1468f5fc754e02", "numVertices": 249, "min": [-1.55464, -7.20669, -5.56426]}
