{"max": [0.0757161, 6.7098, -0.3454], "centroid": [-5.6457681554669525, 3.771359154929587, -2.2902523351554605], "id": "b42c3da473bb4226dbe4bc54590e1d59", "numVertices": 10792, "min": [-9.25365, 1.33264, -8.23845]}
