{"max": [0.120592, 0.560711, 0.291867], "centroid": [-0.36437236007966856, 0.4031650661739124, 0.07421430557605495], "id": "5265ff657b9db80cafae29a76344a143", "numVertices": 9271, "min": [-0.938399, 0.0, -0.108172]}
