{"max": [11.9083, 6.3543, -7.71099], "centroid": [7.669982680262202, 3.816167572469052, -14.65389432265108], "id": "a4b0c73d0f12bc75533388d244d29c5c", "numVertices": 2746, "min": [3.52593, 0.0, -21.4224]}
