{"max": [2.36087, 0.395395, 1.44445], "centroid": [1.487117578291813, -0.19623339762633443, 0.4661019933718861], "id": "22217d5660444eeeca93934e5f39869", "numVertices": 1124, "min": [0.713958, -0.684584, -0.202462]}
