{"max": [-0.235733, 0.556007, 0.659083], "centroid": [-0.610759496261046, 0.28429593337457487, 0.3983639823249495], "id": "87b8cec4d55b5f2d75d556067d060edf", "numVertices": 1471, "min": [-1.03558, -0.0167049, -0.335096]}
