{"max": [0.0899895, 0.472802, 0.433842], "centroid": [-0.029084472768670353, 0.1713166612750457, -0.024472954202185777], "id": "89f0e0da4747aad1172ac9cfeff21994", "numVertices": 549, "min": [-0.144249, 0.0, -0.334181]}
