{"max": [-0.124612, 0.058, 0.172145], "centroid": [-0.1673682647058828, 0.033144945014705926, 0.16124562500000036], "id": "d6721b4ee3d004b8c7e03242f1bf8d19", "numVertices": 1360, "min": [-0.219618, -2.004e-05, 0.129745]}
