{"max": [0.175553, 0.125966, 0.0676337], "centroid": [0.06863476673930406, 0.0655294786305477, -0.06487542841063768], "id": "9533618250e35304514fae39ba03db5", "numVertices": 5002, "min": [-0.00044968, -0.00062497, -0.140731]}
