{"max": [11.6466, 3.92849, 7.88543], "centroid": [9.54636368896926, 0.7988771375527431, 5.884625479204338], "id": "b22e56fdf18e2eb8968b65a7871de463", "numVertices": 1659, "min": [7.04435, -3.19849, 4.82992]}
