{"max": [4.78293, 3.14925, 10.4917], "centroid": [3.1624198146980707, 1.5462570410437373, 8.332516029244783], "id": "a9408583f2c4d6acad8a06dbee1d115", "numVertices": 7933, "min": [1.56107, -0.0726153, 6.49084]}
