{"max": [-0.624002, 0.131763, 1.24873], "centroid": [-0.6918348101511355, 0.08153199465890536, 1.1913131617647261], "id": "a3c9dcaada9e04d09061da204e7c463c", "numVertices": 9792, "min": [-0.749202, 0.03502, 1.11007]}
