{"max": [-0.194219, 25.0831, -0.0575815], "centroid": [-26.137952068232664, 17.403509401566335, -9.827610847128867], "id": "ec28a64bdf9501161bfbba8a5defb02", "numVertices": 5364, "min": [-50.4101, 0.0, -16.2253]}
