{"max": [0.0167663, 0.0768509, -0.00122237], "centroid": [-0.07873754761287612, 0.03437293991186005, -0.06871330067401152], "id": "3019eea689e5d9c1fb045022c5d3b1e2", "numVertices": 4629, "min": [-0.137351, -0.00427688, -0.125412]}
