{"max": [0.0, 0.151816, 0.1143], "centroid": [-0.13998243688904607, 0.0400303419540636, 0.014261583763250917], "id": "39419e462f08dcbdc98cccf0d0f53d7", "numVertices": 1415, "min": [-0.276094, -0.00367861, -0.0206375]}
