{"max": [-1.15544, 1.24371, 0.384], "centroid": [-1.9356997493036199, 0.9132764038997196, 0.025622629526462295], "id": "2693df58698a2ca29c723bc28575d785", "numVertices": 359, "min": [-2.64566, 0.361284, -0.264]}
