{"max": [0.0, 2.46003, 1.0482], "centroid": [-1.6139397391533683, 1.4503972220680001, 0.3835989987340817], "id": "8b4f63046ee3bf99373b92b376321e13", "numVertices": 1441, "min": [-3.89624, 0.597408, -0.356768]}
