{"max": [3.88665, 5.185, 0.521599], "centroid": [-1.135221836540928, 3.2026995760841666, -2.160963576340775], "id": "5d42d432ec71bfa1d5004b533b242ce6", "numVertices": 3897, "min": [-6.01335, 0.0, -5.78563]}
