{"max": [0.0, 0.0365125, -0.0381], "centroid": [-2.0685009673027106, -1.0428627668550758, -0.38304002004711046], "id": "e85debbd554525d198494085d68ad6a0", "numVertices": 4245, "min": [-4.30054, -2.46539, -0.80645]}
