{"max": [0.036792, 0.0004, 0.0531], "centroid": [0.023021448810572786, -0.010628981337605195, 0.05149026696035122], "id": "cda4fc24b2a602b5b5328fde615e4a0c", "numVertices": 2497, "min": [-0.000127, -0.024935, 0.043196]}
