{"max": [-2.02458, 0.05715, -0.988591], "centroid": [-2.1062227522935757, 0.014661392660550467, -1.0287673394495425], "id": "98fc1afc8dec9773b10c2418bc64b141", "numVertices": 109, "min": [-2.17698, -0.03175, -1.0759]}
