{"max": [-0.014023, 0.18, 0.255932], "centroid": [-0.11303703317591426, 0.09804400637544286, 0.1701193501770957], "id": "21f65f53f74f1b58de8982fc28ddacc3", "numVertices": 1694, "min": [-0.228187, 0.013153, 0.028732]}
