{"max": [-1.67575, 3.76555, 5.50826], "centroid": [-4.1562646827133385, 1.913286317286653, 2.1970191794310856], "id": "d5624d29159a4cdb7e1c85c5c15da7fb", "numVertices": 914, "min": [-6.96213, 0.0, 1.29821]}
