{"max": [-0.693308, 0.0664, -0.356118], "centroid": [-0.7520614938963242, 0.03192507578662217, -0.3742342156354581], "id": "c9c9ffd08af8b268b52759c2c2fc0d1e", "numVertices": 11960, "min": [-0.821638, -0.00020008, -0.397013]}
