{"max": [-0.0517676, 0.63, 1.77133], "centroid": [-0.5120370738480401, 0.38809766942454377, 1.4513655508908623], "id": "9b4953f653bfdd40ea41ceac179ca4d4", "numVertices": 19532, "min": [-1.19475, 0.0, 1.30206]}
