{"max": [0.0757161, 6.7098, -0.3454], "centroid": [-5.600193305002327, 3.791153504543286, -2.2602373095167785], "id": "3175f1c1d0cca3c6901887a0237c0ac2", "numVertices": 10455, "min": [-9.25365, 1.33264, -8.23845]}
