{"max": [1.24854, 0.580593, 0.18604], "centroid": [1.0666878498138184, 0.3396730336367406, -0.17101792072817443], "id": "4700873107186c6e2203f435e9e6785", "numVertices": 2417, "min": [0.876209, 0.0, -0.52838]}
