{"max": [9.50595, 5.0546, 2.74955], "centroid": [4.463385236842106, 1.9900185779699238, 0.6891725187969937], "id": "c3a410e532cbf900e5a8b3dc188dc518", "numVertices": 532, "min": [0.0, -0.5715, -2.7559]}
