{"max": [1.27e-07, 5.12, 2.61199], "centroid": [-2.647378482212476, 2.255427967334251, -0.43941303588520214], "id": "6ed69b00b4632b6e07718ee10b83e10", "numVertices": 946, "min": [-5.22397, -5.08e-08, -2.61198]}
