{"max": [-8.81863, 6.88169, 26.1405], "centroid": [-17.129022378539332, 3.6078783233287695, 14.18122319523151], "id": "b27815a2bde54ad3ab3dfa44f5fab01", "numVertices": 3355, "min": [-28.8065, -1.84168, 8.58873]}
