{"max": [1.56085, 0.137122, 0.640015], "centroid": [1.5122708539765295, 0.07907596144589367, 0.6109637568448506], "id": "483c387d6886e603314b44839465ec00", "numVertices": 1534, "min": [1.35255, 0.0, 0.587773]}
