{"max": [0.0747952, 0.0794502, -0.0749441], "centroid": [0.045976361228175, 0.0410867426254003, -0.10231232294557112], "id": "b92acfcd92408529d863a5ae2bdfd29", "numVertices": 937, "min": [-0.0315673, 0.0, -0.178132]}
