{"max": [-0.27335, 0.0503, 0.138816], "centroid": [-0.3194763045112779, 0.027313424496240604, 0.1309912105263155], "id": "5334cfe15f80099f15ac67104577aee7", "numVertices": 1330, "min": [-0.377349, 0.0, 0.116416]}
